<yas>
   <scene root="root" axis_length="5" />
   <views default="perp1">
      <!-- tem de existir, pelo menos, uma vista de -->
      <!-- entre as seguintes (perspective ou ortho) -->
      <perspective id="perp1" near="0.1" far="500" angle="30">
         <from x="10" y="30" z="15" />
         <to x="1" y="1" z="2" />
      </perspective>
      <ortho id="ortho1" near="0.2" far="300" left="5" right="2" top="1" bottom="0.5">
         <from x="10" y="30" z="15" />
         <to x="1" y="1" z="2" />
      </ortho>
   </views>
   <ambient>
      <ambient r="0.2" g="0.2" b="0.2" a="1" />
      <background r="0" g="0" b="0" a="1" />
   </ambient>
   <lights>
      <omni id="light1" enabled="1">
         <location x="5" y="7" z="5" w="1.0" />
         <ambient r="0.2" g="0.2" b="0.2" a="1.0" />
         <diffuse r="1.0" g="1.0" b="1.0" a="1.0" />
         <specular r="1.0" g="1.0" b="1.0" a="1.0" />
      </omni>
      <omni id="light2" enabled="1">
         <location x="14" y="7" z="5" w="1.0" />
         <ambient r="0.2" g="0.2" b="0.2" a="1.0" />
         <diffuse r="1.0" g="1.0" b="1.0" a="1.0" />
         <specular r="1.0" g="1.0" b="1.0" a="1.0" />
      </omni>
      <omni id="light3" enabled="1">
         <location x="5" y="7" z="16" w="1.0" />
         <ambient r="0.2" g="0.2" b="0.2" a="1.0" />
         <diffuse r="1.0" g="1.0" b="1.0" a="1.0" />
         <specular r="1.0" g="1.0" b="1.0" a="1.0" />
      </omni>
      <omni id="light4" enabled="1">
         <location x="14" y="7" z="16" w="1.0" />
         <ambient r="0.2" g="0.2" b="0.2" a="1.0" />
         <diffuse r="1.0" g="1.0" b="1.0" a="1.0" />
         <specular r="1.0" g="1.0" b="1.0" a="1.0" />
      </omni>
   </lights>
   <textures>
   </textures>
   <materials>
      <material id="defaultMaterial" shininess="10.0">
         <emission r="0.0" g="0.0" b="0.0" a="1" />
         <ambient r="0.2" g="0.2" b="0.2" a="1" />
         <diffuse r="0.5" g="0.5" b="0.5" a="1" />
         <specular r="0.5" g="0.5" b="0.5" a="1" />
      </material>
      <material id="material1" shininess="10.0">
         <emission r="0.7" g="0.7" b="0.7" a="1" />
         <ambient r="0.2" g="0.2" b="0.2" a="1" />
         <diffuse r="0.5" g="0.5" b="0.5" a="1" />
         <specular r="0.5" g="0.5" b="0.5" a="1" />
      </material>
   </materials>
   <transformations>
      <transformation id="transform1">
         <translate x="1.0" y="1.0" z="0.0" />
         <scale x="1.0" y="1.0" z="1.0" />
         <rotate axis="x" angle="90" />
      </transformation>
      <transformation id="transform2">
         <translate x="1.0" y="1.0" z="0.0" />
         <scale x="1.0" y="1.0" z="1.0" />
         <rotate axis="x" angle="90" />
      </transformation>
      <transformation id="transform2">
         <rotate axis="x" angle="-90" />
         <scale x="1.0" y="1.0" z="8.0" />
         <translate x="0.0" y="0.0" z="0.0" />
      </transformation>
   </transformations>
   <primitives>
      <primitive id="cylinder1">
         <cylinder base="0.5" top="0.5" height="1" slices="8" stacks="500" />
      </primitive>
      <primitive id="sphere1">
         <sphere radius="1.0" slices="300" stacks="50" />
      </primitive>
      <primitive id="rectangle1">
         <rectangle x1="0" y1="6.0" x2="6.0" y2="0.0" />
      </primitive>
      <primitive id="triangle1">
         <triangle x1="0" y1="0" z1="0" x2="0.5" y2="1" z2="0" x3="1" y3="0" z3="0" />
      </primitive>
      <primitive id="torus1">
         <torus inner="10" outer="100" slices="50" loops="50" />
      </primitive>
      <primitive id="plane1">
         <plane npartsU="20" npartsV="20" />
      </primitive>
      <primitive id="patch1">
         <patch  npointsU="3" npointsV="2" npartsU="20" npartsV="20" >
            <controlpoint xx="-1.5" yy="-1.5" zz="0.0"/>
            <controlpoint xx="-1.5" yy="1.5" zz="0.0"/>
            <controlpoint xx="0.0" yy="-1.5" zz="3.0"/>
            <controlpoint xx="0.0" yy="1.5" zz="3.0"/>
            <controlpoint xx="1.5" yy="-1.5" zz="0.0"/>
            <controlpoint xx="1.5" yy="1.5" zz="0.0"/>
         </patch>
      </primitive>

      <primitive id="cylinderNURBS">
         <cylinder2 base="1" top="1" height="2" slices="8" stacks="10" />
      </primitive>

      <primitive id="vehicle">
      <vehicle/>
      </primitive>

      <primitive id="terrain">
      <terrain heightscale="7" parts="20" idheightmap="terrainmap" idtexture="terrain"/>
      </primitive>

      <primitive id="water">
         <water idtexture="water" idwavemap="watermap" parts="2" heightscale="5" texscale="6" />
      </primitive>
   </primitives>
   <animations>
      <linear id="linear1" span="5">
         <controlpoint xx="-3.0" yy="0.0" zz="0.0" />
         <controlpoint xx="-3.0" yy="2.0" zz="0.0" />
      </linear>
      <linear id="linear2" span="5">
         <controlpoint xx="0.2" yy="0.0" zz="4.0" />
         <controlpoint xx="0.2" yy="0.0" zz="0.0" />
      </linear>
      <circular id="circular1" span="3" center="0 0 0" radius="30" startang="0" rotang="180" />
   </animations>
   <components>
      <component id="root">
         <transformation />
         <materials>
            <material id="defaultMaterial" />
         </materials>
         <texture id="none" />
         <children>
            <componentref id="floor" />
         <!--  <componentref id="water" />
            <componentref id="plane" /> -->
         </children>
      </component>

      <component id="floor">
         <transformation>
            <translate x="0" y="200" z="0" />
         </transformation>
         <materials>
            <material id="defaultMaterial" />
         </materials>
         <texture id="none" />
         <children>
            <primitiveref id="sphere1" />
         </children>
      </component>
   </components>
</yas>
