<yas>
    <scene root="root" axis_length="5" />

    <views default="perp1" >
        <!-- tem de existir, pelo menos, uma vista de -->
        <!-- entre as seguintes (perspective ou ortho) -->
        <perspective id="perp1" near="0.1" far="500" angle="30">
            <from x="10" y="30" z="15" />
            <to x="1" y="1" z="2" />
        </perspective>
        <ortho id="ortho1"  near="0.2" far="300"
                        left="5" right="2" top="1" bottom="0.5" />
    </views>

    <ambient>
        <ambient r="0.2" g="0.2" b="0.2" a="1" />
        <background r="0" g="0" b="0" a="1" />
    </ambient>

    <lights>
        <omni id="light1" enabled="1" >
            <location x="5" y="5" z="5" w="1.0" />
            <ambient r="0.2" g="0.2" b="0.2" a="1.0" />
            <diffuse r="1.0" g="1.0" b="1.0" a="1.0" />
            <specular r="1.0" g="1.0" b="1.0" a="1.0" />
        </omni>
        <spot id="light2" enabled="1" angle="30.0" exponent="2.0">
            <location x="5" y="6" z="5" w="0.5" />
            <target x="15.0" y="-10.0" z="6.0" />
            <ambient r="0.2" g="0.2" b="0.2" a="1.0" />
            <diffuse r="1.0" g="1.0" b="1.0" a="1.0" />
            <specular r="1.0" g="1.0" b="1.0" a="1.0" />
        </spot>
    </lights>

    <textures>
        <texture id="trunk" file="images/trunk-image.jpg" />
        <texture id="floor" file="images/floor.jpg" />
        <texture id="leafs" file="images/leaves.jpg" />
        <texture id="rock" file="images/rocks.jpg" />
        <texture id="autumn" file="images/autumn.jpg" />
        <texture id="ground" file="images/ground.jpg" />
        <texture id="futuristic" file="images/futuristic.png" />
        <texture id="green" file="images/green.jpg" />
        
    </textures>

    <materials>
        <material id="defaultMaterial" shininess = "10.0" >
            <emission r="0.0" g="0.0" b="0.0" a="1" />
            <ambient r="0.2" g="0.2" b="0.2" a="1" />
            <diffuse r="0.5" g="0.5" b="0.5" a="1" />
            <specular r="0.5" g="0.5" b="0.5" a="1" />
        </material>

        <material id="material1" shininess = "10.0" >
            <emission r="0.7" g="0.7" b="0.7" a="1" />
            <ambient r="0.2" g="0.2" b="0.2" a="1" />
            <diffuse r="0.5" g="0.5" b="0.5" a="1" />
            <specular r="0.5" g="0.5" b="0.5" a="1" />
        </material>
    </materials>

    <transformations>
        <transformation id="cylinderToTree">
            <translate x= "1.0" y="1.0" z="0.0" />
            <scale x="1.0" y="1.0" z="1.0" />
            <rotate axis="x" angle="90" />
        </transformation>
        <transformation id="sphereToLeaves">
            <translate x= "1.0" y="1.0" z="0.0" />
            <scale x="1.0" y="1.0" z="1.0" />
            <rotate axis="x" angle="90" />
        </transformation>
        <transformation id="cylindertotalltree">
          <rotate axis="x" angle="-90" />
            <scale x= "1.0" y="1.0" z="8.0" />
          <translate x= "0.0" y="0.0" z="0.0" />
        </transformation>
    </transformations>

    <primitives>
        <primitive id="cylinder1">
            <cylinder base="0.5" top="0.5" height="1" slices="60" stacks="500" />
        </primitive >
        <primitive id="sphere1">
            <sphere radius="1.0" slices="300" stacks="50" />
        </primitive >
        <primitive id="rectangle1">
            <rectangle x1="3.0" y1="3.0" x2="0" y2="0" />
        </primitive >
        <primitive id="triangle1">
            <triangle x1="0" y1="0" z1="0"
                      x2="0.5" y2="1" z2="0"
                      x3="1" y3="0" z3="0" />
        </primitive >
        <primitive id="torus1">
           <torus inner="10" outer="100" slices="50" loops="50" />
        </primitive >
    </primitives >

<components>
        <component id="root">
            <transformation>
            </transformation>
            <materials>
                <material id="defaultMaterial" />
            </materials>
            <texture id="none" />
            <children>
                    <componentref id="floor" />
                    <componentref id="trees" />
                    <componentref id="rockblock" />
                    <componentref id="floorcube" />
                    <componentref id="logs"/>
                    <componentref id="talltrees"/>
                    <componentref id="bridge" />
                    <componentref id="triangle" />
             </children>
</component>

        <component id="triangle">
          <transformation>
            <translate x="0" y="0" z="20"/> 
            <scale x="4" y="4" z="4" />
          </transformation>
          <materials>
              <material id="inherit" />
          </materials>
          <texture id="futuristic" length_s="1" length_t="1"/>
          <children>
            <primitiveref id="triangle1" />
          </children>
        </component>


         <component id="floorcube">
          <transformation>
            <scale x="20" y="10" z="20"/>
            <translate x="0" y="-1.51111" z="0"/> 
          </transformation>
          <materials>
              <material id="inherit" />
          </materials>
          <texture id="ground" length_s="1" length_t="1"/>
          <children>
            <componentref id= "blockfacefront"/>
            <componentref id= "blockfaceback"/>
            <componentref id= "blockfaceright"/>
            <componentref id= "blockfaceleft"/>
            <componentref id= "blockfacetop"/>
            <componentref id= "blockfacebot"/>
          </children>
        </component>

        <component id="bridge">
            <transformation>
            </transformation>
            <materials>
                <material id="material1" />
            </materials>
            <texture id="futuristic" length_s="0.01" length_t="0.01" />
            <children>
                    <componentref id="torus1" />
                    <componentref id="torus2" />
                    <componentref id="torus3" />
                    <componentref id="torus4" />
                    <componentref id="torus5" />
                    <componentref id="torus6" />
             </children>
        </component>
       

        <component id= "torus1">
            <transformation>
            <rotate axis="y" angle="90" />
            <scale x="0.1" y="0.1" z="0.1" /> 
            </transformation>
            <materials>
                <material id="inherit" />
            </materials>
            <texture id="inherit" length_s="0.01" length_t="0.01" />
            <children>
                <primitiveref id="torus1" />
            </children>
        </component>

        <component id= "torus2">
            <transformation>
            <translate x="3.0" y="0.0" z="0.0" />
            <rotate axis="y" angle="90" />
            <scale x="0.1" y="0.1" z="0.1" /> 
            </transformation>
            <materials>
                <material id="inherit" />
            </materials>
            <texture id="inherit" length_s="0.01" length_t="0.01" />
            <children>
                <primitiveref id="torus1" />
            </children>
        </component>

        <component id= "torus3">
            <transformation>
            <translate x="6.0" y="0.0" z="0.0" />
            <rotate axis="y" angle="90" />
            <scale x="0.1" y="0.1" z="0.1" /> 
            </transformation>
            <materials>
                <material id="inherit" />
            </materials>
            <texture id="inherit" length_s="0.01" length_t="0.01" />
            <children>
                <primitiveref id="torus1" />
            </children>
        </component>

        <component id= "torus4">
            <transformation>
            <translate x="-3.0" y="0.0" z="0.0" />
            <rotate axis="y" angle="90" />
            <scale x="0.1" y="0.1" z="0.1" /> 
            </transformation>
            <materials>
                <material id="inherit" />
            </materials>
            <texture id="inherit" length_s="0.01" length_t="0.01" />
            <children>
                <primitiveref id="torus1" />
            </children>
        </component>

        <component id= "torus5">
            <transformation>
            <translate x="-6.0" y="0.0" z="0.0" />
            <rotate axis="y" angle="90" />
            <scale x="0.1" y="0.1" z="0.1" /> 
            </transformation>
            <materials>
                <material id="inherit" />
            </materials>
            <texture id="inherit" length_s="0.01" length_t="0.01" />
            <children>
                <primitiveref id="torus1" />
            </children>
        </component>

        <component id= "torus6">
            <transformation>
            <translate x="-9.0" y="0.0" z="0.0" />
            <rotate axis="y" angle="90" />
            <scale x="0.1" y="0.1" z="0.1" /> 
            </transformation>
            <materials>
                <material id="inherit" />
            </materials>
            <texture id="inherit" length_s="0.01" length_t="0.01" />
            <children>
                <primitiveref id="torus1" />
            </children>
        </component>


        <component id= "floor">
            <transformation>
              <translate x= "-30.0" y="0.0" z="-30.0" />
              <scale x="20.0." y="20.0" z="20.0" />
              <rotate axis="x" angle="90" />
            </transformation>
            <materials>
                <material id="material1" />
            </materials>
            <texture id="green" length_s="0.001" length_t="0.001"/>
            <children>
                <primitiveref id="rectangle1" />
            </children>
        </component>

        <component id="trees">
            <transformation>
            </transformation>
            <materials>
                <material id="inherit" />
            </materials>
            <texture id="none" length_s="1" length_t="1"/>
            <children>
                <componentref id="tree1" />
                <componentref id="tree2" />
                <componentref id="tree3" />
                <componentref id="tree4" />
                <componentref id="tree5" />
                <componentref id="tree6" />
                <componentref id="tree7" />
                <componentref id="tree8" />
                <componentref id="tree9" />
                <componentref id="tree10" />
                <componentref id="tree11" />
                <componentref id="tree12" />
            </children>
        </component>

        <component id="tree1">
            <transformation>
                <translate x= "5.0" y="0.0" z="5.0" />
            </transformation>
            <materials>
                <material id="inherit" />
            </materials>
            <texture id="none" length_s="1" length_t="1"/>
            <children>
                <componentref id="treeTrunk" />
                <componentref id="treeLeaves" />
            </children>
        </component>

        <component id="tree2">
            <transformation>
                <translate x= "5.0" y="0" z="-5.0" />
            </transformation>
            <materials>
                <material id="inherit" />
            </materials>
            <texture id="none" length_s="1" length_t="1"/>
            <children>
                <componentref id="treeTrunk" />
                <componentref id="treeLeaves" />
            </children>
        </component>

        <component id="tree3">
            <transformation>
                <translate x= "-5.0" y="0.0" z="5.0" />
            </transformation>
            <materials>
                <material id="inherit" />
            </materials>
            <texture id="none" length_s="1" length_t="1"/>
            <children>
                <componentref id="treeTrunk" />
                <componentref id="treeLeaves" />
            </children>
        </component>

        <component id="tree4">
            <transformation>
                <translate x= "-5.0" y="0.0" z="-5.0" />
            </transformation>
            <materials>
                <material id="inherit" />
            </materials>
            <texture id="none" length_s="1" length_t="1"/>
            <children>
                <componentref id="treeTrunk" />
                <componentref id="treeLeaves" />
            </children>
        </component>

        <component id="tree5">
            <transformation>
                <translate x= "-10.0" y="0.0" z="-5.0" />
            </transformation>
            <materials>
                <material id="inherit" />
            </materials>
            <texture id="none" length_s="1" length_t="1"/>
            <children>
                <componentref id="treeTrunk" />
                <componentref id="treeLeaves" />
            </children>
        </component>

        <component id="tree6">
            <transformation>
                <translate x= "-10.0" y="0.0" z="5.0" />
            </transformation>
            <materials>
                <material id="inherit" />
            </materials>
            <texture id="none" length_s="1" length_t="1"/>
            <children>
                <componentref id="treeTrunk" />
                <componentref id="treeLeaves" />
            </children>
        </component>

        <component id="tree7">
            <transformation>
                <translate x= "10.0" y="0.0" z="-5.0" />
            </transformation>
            <materials>
                <material id="inherit" />
            </materials>
            <texture id="none" length_s="1" length_t="1"/>
            <children>
                <componentref id="treeTrunk" />
                <componentref id="treeLeaves" />
            </children>
        </component>

        <component id="tree8">
            <transformation>
                <translate x= "10.0" y="0.0" z="5.0" />
            </transformation>
            <materials>
                <material id="inherit" />
            </materials>
            <texture id="none" length_s="1" length_t="1"/>
            <children>
                <componentref id="treeTrunk" />
                <componentref id="treeLeaves" />
            </children>
        </component>

        <component id="tree9">
            <transformation>
                <translate x= "-15.0" y="0.0" z="-5.0" />
            </transformation>
            <materials>
                <material id="inherit" />
            </materials>
            <texture id="none" length_s="1" length_t="1"/>
            <children>
                <componentref id="treeTrunk" />
                <componentref id="treeLeaves" />
            </children>
        </component>

        <component id="tree10">
            <transformation>
                <translate x= "-15.0" y="0.0" z="5.0" />
            </transformation>
            <materials>
                <material id="inherit" />
            </materials>
            <texture id="none" length_s="1" length_t="1"/>
            <children>
                <componentref id="treeTrunk" />
                <componentref id="treeLeaves" />
            </children>
        </component>

        <component id="tree11">
            <transformation>
                <translate x= "15.0" y="0.0" z="-5.0" />
            </transformation>
            <materials>
                <material id="inherit" />
            </materials>
            <texture id="none" length_s="1" length_t="1"/>
            <children>
                <componentref id="treeTrunk" />
                <componentref id="treeLeaves" />
            </children>
        </component>

        <component id="tree12">
            <transformation>
                <translate x= "15.0" y="0.0" z="5.0" />
            </transformation>
            <materials>
                <material id="inherit" />
            </materials>
            <texture id="none" length_s="1" length_t="1"/>
            <children>
                <componentref id="treeTrunk" />
                <componentref id="treeLeaves" />
            </children>
        </component>

        <component id="talltrees">
          <transformation>
          </transformation>
          <materials>
              <material id="inherit" />
          </materials>
          <texture id="none" length_s="2" length_t="2"/>
          <children>
              <componentref id="talltreegroup"/>
              <componentref id="talltreegroup1"/>
              <componentref id="talltreegroup2"/>
              <componentref id="talltreegroup3"/>
              <componentref id="talltreegroup4"/>
              <componentref id="talltreegroup5"/>
              <componentref id="talltreegroup6"/>
              <componentref id="talltreegroup7"/>
              <componentref id="talltreegroup8"/>
            </children>
      </component>

        <component id="talltreegroup">
          <transformation>
            <translate x="-20" y="0" z="-20"/>
          </transformation>
          <materials>
              <material id="inherit" />
          </materials>
          <texture id="none" length_s="2" length_t="2"/>
          <children>
              <componentref id="talltree"/>
              <componentref id="talltree1"/>
              <componentref id="talltree2"/>
          </children>
      </component>

      <component id="talltreegroup1">
        <transformation>
          <translate x="-15" y="0" z="-20"/>
        </transformation>
        <materials>
            <material id="inherit" />
        </materials>
        <texture id="none" length_s="2" length_t="2"/>
        <children>
            <componentref id="talltree"/>
            <componentref id="talltree1"/>
            <componentref id="talltree2"/>
        </children>
    </component>

<component id="talltreegroup2">
      <transformation>
        <translate x="-10" y="0" z="-20"/>
      </transformation>
      <materials>
          <material id="inherit" />
      </materials>
      <texture id="none" length_s="2" length_t="2"/>
      <children>
          <componentref id="talltree"/>
          <componentref id="talltree1"/>
          <componentref id="talltree2"/>
      </children>
</component>

<component id="talltreegroup3">
    <transformation>
      <translate x="-5" y="0" z="-20"/>
    </transformation>
    <materials>
        <material id="inherit" />
    </materials>
    <texture id="none" length_s="2" length_t="2"/>
    <children>
        <componentref id="talltree"/>
        <componentref id="talltree1"/>
        <componentref id="talltree2"/>
    </children>
</component>

<component id="talltreegroup4">
  <transformation>
    <translate x="0" y="0" z="-20"/>
  </transformation>
  <materials>
      <material id="inherit" />
  </materials>
  <texture id="none" length_s="2" length_t="2"/>
  <children>
      <componentref id="talltree"/>
      <componentref id="talltree1"/>
      <componentref id="talltree2"/>
  </children>
</component>

<component id="talltreegroup5">
  <transformation>
    <translate x="5" y="0" z="-20"/>
  </transformation>
  <materials>
      <material id="inherit" />
  </materials>
  <texture id="none" length_s="2" length_t="2"/>
  <children>
      <componentref id="talltree"/>
      <componentref id="talltree1"/>
      <componentref id="talltree2"/>
  </children>
</component>

<component id="talltreegroup6">
  <transformation>
    <translate x="10" y="0" z="-20"/>
  </transformation>
  <materials>
      <material id="inherit" />
  </materials>
  <texture id="none" length_s="2" length_t="2"/>
  <children>
      <componentref id="talltree"/>
      <componentref id="talltree1"/>
      <componentref id="talltree2"/>
  </children>
</component>

<component id="talltreegroup7">
  <transformation>
    <translate x="15" y="0" z="-20"/>
  </transformation>
  <materials>
      <material id="inherit" />
  </materials>
  <texture id="none" length_s="2" length_t="2"/>
  <children>
      <componentref id="talltree"/>
      <componentref id="talltree1"/>
      <componentref id="talltree2"/>
  </children>
</component>

<component id="talltreegroup8">
  <transformation>
    <translate x="20" y="0" z="-20"/>
  </transformation>
  <materials>
      <material id="inherit" />
  </materials>
  <texture id="none" length_s="2" length_t="2"/>
  <children>
      <componentref id="talltree"/>
      <componentref id="talltree1"/>
      <componentref id="talltree2"/>
  </children>
</component>

        <component id="talltree">
          <transformation>
          </transformation>
          <materials>
              <material id="inherit" />
          </materials>
          <texture id="none" length_s="2" length_t="2"/>
          <children>
              <componentref id="talltreetrunk"/>
              <componentref id="talltreeLeaves"/>
          </children>
      </component>

      <component id="talltree1">
        <transformation>
          <translate x="4" y="0" z="0"/>
        </transformation>
        <materials>
            <material id="inherit" />
        </materials>
        <texture id="none" length_s="2" length_t="2"/>
        <children>
            <componentref id="talltreetrunk"/>
            <componentref id="talltreeLeaves"/>
        </children>
    </component>

    <component id="talltree2">
      <transformation>
        <translate x="2" y="0" z="2"/>
      </transformation>
      <materials>
          <material id="inherit" />
      </materials>
      <texture id="none" length_s="2" length_t="2"/>
      <children>
          <componentref id="talltreetrunk"/>
          <componentref id="talltreeLeaves"/>
      </children>
  </component>

        <component id="talltreetrunk">
          <transformation>
            <transformationref id="cylindertotalltree"/>
          </transformation>
          <materials>
              <material id="inherit" />
          </materials>
          <texture id="trunk" length_s="2" length_t="2"/>
          <children>
              <primitiveref id="cylinder1" />
          </children>
      </component>

      <component id="talltreeLeaves">
          <transformation>
            <rotate axis="y" angle="180"/>
            <scale x="2.0" y="2.7" z="2.0" />
            <translate x= "0.0" y="2.0" z="0.0" />
          </transformation>
          <materials>
              <material id="inherit" />
          </materials>
          <texture id="autumn" length_s=".01" length_t=".01"/>
          <children>
              <primitiveref id="sphere1" />
          </children>
      </component>


       <component id="treeTrunk">
            <transformation>
                <transformationref id="cylinderToTree" />
            </transformation>
            <materials>
                <material id="inherit" />
            </materials>
            <texture id="trunk" length_s="2" length_t="2"/>
            <children>
                <primitiveref id="cylinder1" />
            </children>
        </component>

        <component id="treeLeaves">
            <transformation>
                <transformationref id="sphereToLeaves" />
            </transformation>
            <materials>
                <material id="inherit" />
            </materials>
            <texture id="leafs" length_s="1" length_t="1"/>
            <children>
                <primitiveref id="sphere1" />
            </children>
        </component>

        <component id="rockblock">
          <transformation>
            <scale x="3" y="1.5" z="1"/>
            <translate x="0" y="2.15" z="0"/>
          </transformation>
          <materials>
              <material id="inherit" />
          </materials>
          <texture id="none" length_s="5" length_t="5"/>
          <children>
            <componentref id= "blockfacefront"/>
            <componentref id= "blockfaceback"/>
            <componentref id= "blockfaceright"/>
            <componentref id= "blockfaceleft"/>
            <componentref id= "blockfacetop"/>
            <componentref id= "blockfacebot"/>
          </children>
        </component>

        <component id="logs">
          <transformation>

          </transformation>
          <materials>
              <material id="inherit" />
          </materials>
          <texture id="trunk" length_s="2" length_t="2"/>
          <children>
            <componentref id="log1"/>
            <componentref id="log2"/>
            <componentref id="log3"/>
            <componentref id="log4"/>
          </children>
        </component>

        <component id="log">
          <transformation>
            <scale x="1" y="1" z="4"/>
            <translate x="0" y="0.5" z="-0.5"/>
          </transformation>
          <materials>
              <material id="defaultMaterial" />
          </materials>
          <texture id="trunk" length_s="2" length_t="2"/>
          <children>
            <primitiveref id="cylinder1"/>
          </children>
        </component>

        <component id="log1">
          <transformation>
            <translate x="-3.5" y="0" z="0"/>
          </transformation>
          <materials>
              <material id="inherit" />
          </materials>
          <texture id="none" length_s="1" length_t="1"/>
          <children>
            <componentref id="log"/>
          </children>
        </component>

        <component id="log2">
          <transformation>
            <translate x="-1.5" y="0" z="0"/>
          </transformation>
          <materials>
              <material id="inherit" />
          </materials>
          <texture id="none" length_s="1" length_t="1"/>
          <children>
            <componentref id="log"/>
          </children>
        </component>

        <component id="log3">
          <transformation>
            <translate x="1.5" y="0" z="0"/>
          </transformation>
          <materials>
              <material id="inherit" />
          </materials>
          <texture id="none" length_s="1" length_t="1"/>
          <children>
            <componentref id="log"/>
          </children>
        </component>

        <component id="log4">
          <transformation>
            <translate x="3.5" y="0" z="0"/>
          </transformation>
          <materials>
              <material id="inherit" />
          </materials>
          <texture id="none" length_s="1" length_t="1"/>
          <children>
            <componentref id="log"/>
          </children>
        </component>

        <component id="blockface">
            <transformation>
              <translate x="-1.5" y="-1.5" z="0"/>
            </transformation>
            <materials>
                <material id="inherit" />
            </materials>
            <texture id="inherit" length_s="1" length_t="1"/>
            <children>
                <primitiveref id="rectangle1" />
            </children>
        </component>
        <!-- front face -->
        <component id="blockfacefront">
            <transformation>
              <translate x="0" y="0" z="1.5"/>
            </transformation>
            <materials>
                <material id="inherit" />
            </materials>
            <texture id="inherit" length_s="1" length_t="1"/>
            <children>
                <componentref id="blockface" />
            </children>
        </component>
        <!-- back face -->
        <component id="blockfaceback">
            <transformation>
              <rotate axis="y" angle="180" />
              <translate x="0" y="0" z="1.5"/>
            </transformation>
            <materials>
                <material id="inherit" />
            </materials>
            <texture id="inherit" length_s="1" length_t="1"/>
            <children>
                <componentref id="blockface" />
            </children>
        </component>
        <!-- right face -->
        <component id="blockfaceright">
            <transformation>
              <rotate axis="y" angle="90" />
              <translate x="0" y="0" z="1.5"/>
            </transformation>
            <materials>
                <material id="inherit" />
            </materials>
            <texture id="inherit" length_s="1" length_t="1"/>
            <children>
                <componentref id="blockface" />
            </children>
        </component>
        <!-- left face -->
        <component id="blockfaceleft">
            <transformation>
              <rotate axis="y" angle="-90" />
              <translate x="0" y="0" z="1.5"/>
            </transformation>
            <materials>
                <material id="inherit" />
            </materials>
            <texture id="inherit" length_s="1" length_t="1"/>
            <children>
                <componentref id="blockface" />
            </children>
        </component>
        <!-- top face -->
        <component id="blockfacetop">
            <transformation>
              <rotate axis="x" angle="-90" />
              <translate x="0" y="0" z="1.5"/>
            </transformation>
            <materials>
                <material id="inherit" />
            </materials>
            <texture id="inherit" length_s="1" length_t="1"/>
            <children>
                <componentref id="blockface" />
            </children>
        </component>
        <!-- bot face -->
        <component id="blockfacebot">
            <transformation>
              <rotate axis="x" angle="90" />
              <translate x="0" y="0" z="1.5"/>
            </transformation>
            <materials>
                <material id="inherit" />
            </materials>
            <texture id="inherit" length_s="1" length_t="1"/>
            <children>
                <componentref id="blockface" />
            </children>
        </component>
    </components>
</yas>
